"voucher_code","ledger_code","reference","amount","type","reference","search_no","date","ledger_code","amount","type","reference","member_no","amount","previous_amount","current_amount","od_amount","od_interest","reference","member_no","date","amount","previous_amount","current_amount","od_amount","od_interest","thrift_interest","reference","member_no","date","amount","previous_amount","current_amount","od_amount","od_interest"
"VOU-15761","I002",,"1050.00","credit",NULL,NULL,NULL,NULL,NULL,NULL,NULL,NULL,NULL,NULL,NULL,NULL,NULL,NULL,NULL,NULL,NULL,NULL,NULL,NULL,NULL,NULL,NULL,NULL,NULL,NULL,NULL,NULL,NULL,NULL
"VOU-15761","L002",,"1050.00","debit",NULL,NULL,NULL,NULL,NULL,NULL,NULL,NULL,NULL,NULL,NULL,NULL,NULL,NULL,NULL,NULL,NULL,NULL,NULL,NULL,NULL,NULL,NULL,NULL,NULL,NULL,NULL,NULL,NULL,NULL
"VOU-15797","A003","4281","700.00","credit",NULL,NULL,NULL,NULL,NULL,NULL,NULL,NULL,NULL,NULL,NULL,NULL,NULL,NULL,NULL,NULL,NULL,NULL,NULL,NULL,NULL,NULL,NULL,NULL,NULL,NULL,NULL,NULL,NULL,NULL
"VOU-15797","D001","4281","10.00","credit",NULL,NULL,NULL,NULL,NULL,NULL,NULL,NULL,NULL,NULL,NULL,NULL,NULL,NULL,NULL,NULL,NULL,NULL,NULL,NULL,NULL,NULL,NULL,NULL,NULL,NULL,NULL,NULL,NULL,NULL
"VOU-15797","E003","4281","350.00","credit",NULL,NULL,NULL,NULL,NULL,NULL,NULL,NULL,NULL,NULL,NULL,NULL,NULL,NULL,NULL,NULL,NULL,NULL,NULL,NULL,NULL,NULL,NULL,NULL,NULL,NULL,NULL,NULL,NULL,NULL
"VOU-15797","H001","4281","15.00","credit",NULL,NULL,NULL,NULL,NULL,NULL,NULL,NULL,NULL,NULL,NULL,NULL,NULL,NULL,NULL,NULL,NULL,NULL,NULL,NULL,NULL,NULL,NULL,NULL,NULL,NULL,NULL,NULL,NULL,NULL
"VOU-15797","L002","4281","1075.00","debit",NULL,NULL,NULL,NULL,NULL,NULL,NULL,NULL,NULL,NULL,NULL,NULL,NULL,NULL,NULL,NULL,NULL,NULL,NULL,NULL,NULL,NULL,NULL,NULL,NULL,NULL,NULL,NULL,NULL,NULL
"VOU-15818","G001",,"37104.00","credit",NULL,NULL,NULL,NULL,NULL,NULL,NULL,NULL,NULL,NULL,NULL,NULL,NULL,NULL,NULL,NULL,NULL,NULL,NULL,NULL,NULL,NULL,NULL,NULL,NULL,NULL,NULL,NULL,NULL,NULL
"VOU-15818","L002",,"37104.00","debit",NULL,NULL,NULL,NULL,NULL,NULL,NULL,NULL,NULL,NULL,NULL,NULL,NULL,NULL,NULL,NULL,NULL,NULL,NULL,NULL,NULL,NULL,NULL,NULL,NULL,NULL,NULL,NULL,NULL,NULL
"VOU-15847","A003","4283","700.00","credit","VOU-15847","4283","2019-05-02","A003","700.00","credit","VOU-15847","4283","350.00","0.00","350.00",NULL,NULL,"VOU-15847","4283","2019-05-02","700.00","0.00","700.00","0.00","0.00","0","VOU-15847","4283","2019-05-02","10.00","0.00","10.00",NULL,NULL
"VOU-15847","D001","4283","10.00","credit","VOU-15847","4283","2019-05-02","D001","10.00","credit","VOU-15847","4283","350.00","0.00","350.00",NULL,NULL,"VOU-15847","4283","2019-05-02","700.00","0.00","700.00","0.00","0.00","0","VOU-15847","4283","2019-05-02","10.00","0.00","10.00",NULL,NULL
"VOU-15847","E003","4283","350.00","credit","VOU-15847","4283","2019-05-02","E003","350.00","credit","VOU-15847","4283","350.00","0.00","350.00",NULL,NULL,"VOU-15847","4283","2019-05-02","700.00","0.00","700.00","0.00","0.00","0","VOU-15847","4283","2019-05-02","10.00","0.00","10.00",NULL,NULL
"VOU-15847","H001","4283","15.00","credit","VOU-15847","4283","2019-05-02","H001","15.00","credit","VOU-15847","4283","350.00","0.00","350.00",NULL,NULL,"VOU-15847","4283","2019-05-02","700.00","0.00","700.00","0.00","0.00","0","VOU-15847","4283","2019-05-02","10.00","0.00","10.00",NULL,NULL
"VOU-15847","L002","4283","1075.00","debit","VOU-15847","4283","2019-05-02","L002","1075.00","debit","VOU-15847","4283","350.00","0.00","350.00",NULL,NULL,"VOU-15847","4283","2019-05-02","700.00","0.00","700.00","0.00","0.00","0","VOU-15847","4283","2019-05-02","10.00","0.00","10.00",NULL,NULL
"VOU-15849","A003","4284","700.00","credit","VOU-15849","4284","2019-05-08","A003","700.00","credit","VOU-15849","4284","350.00","0.00","350.00",NULL,NULL,"VOU-15849","4284","2019-05-08","700.00","0.00","700.00","0.00","0.00","0","VOU-15849","4284","2019-05-08","10.00","0.00","10.00",NULL,NULL
"VOU-15849","D001","4284","10.00","credit","VOU-15849","4284","2019-05-08","D001","10.00","credit","VOU-15849","4284","350.00","0.00","350.00",NULL,NULL,"VOU-15849","4284","2019-05-08","700.00","0.00","700.00","0.00","0.00","0","VOU-15849","4284","2019-05-08","10.00","0.00","10.00",NULL,NULL
"VOU-15849","E003","4284","350.00","credit","VOU-15849","4284","2019-05-08","E003","350.00","credit","VOU-15849","4284","350.00","0.00","350.00",NULL,NULL,"VOU-15849","4284","2019-05-08","700.00","0.00","700.00","0.00","0.00","0","VOU-15849","4284","2019-05-08","10.00","0.00","10.00",NULL,NULL
"VOU-15849","H001","4284","15.00","credit","VOU-15849","4284","2019-05-08","H001","15.00","credit","VOU-15849","4284","350.00","0.00","350.00",NULL,NULL,"VOU-15849","4284","2019-05-08","700.00","0.00","700.00","0.00","0.00","0","VOU-15849","4284","2019-05-08","10.00","0.00","10.00",NULL,NULL
"VOU-15849","L002","4284","1075.00","debit","VOU-15849","4284","2019-05-08","L002","1075.00","debit","VOU-15849","4284","350.00","0.00","350.00",NULL,NULL,"VOU-15849","4284","2019-05-08","700.00","0.00","700.00","0.00","0.00","0","VOU-15849","4284","2019-05-08","10.00","0.00","10.00",NULL,NULL
"VOU-15850","A003","4285","675.00","credit","VOU-15850","4285","2019-05-08","A003","675.00","credit","VOU-15850","4285","350.00","0.00","350.00",NULL,NULL,"VOU-15850","4285","2019-05-08","675.00","0.00","675.00","0.00","0.00","0","VOU-15850","4285","2019-05-08","10.00","0.00","10.00",NULL,NULL
"VOU-15850","D001","4285","10.00","credit","VOU-15850","4285","2019-05-08","D001","10.00","credit","VOU-15850","4285","350.00","0.00","350.00",NULL,NULL,"VOU-15850","4285","2019-05-08","675.00","0.00","675.00","0.00","0.00","0","VOU-15850","4285","2019-05-08","10.00","0.00","10.00",NULL,NULL
"VOU-15850","E003","4285","350.00","credit","VOU-15850","4285","2019-05-08","E003","350.00","credit","VOU-15850","4285","350.00","0.00","350.00",NULL,NULL,"VOU-15850","4285","2019-05-08","675.00","0.00","675.00","0.00","0.00","0","VOU-15850","4285","2019-05-08","10.00","0.00","10.00",NULL,NULL
"VOU-15850","H001","4285","15.00","credit","VOU-15850","4285","2019-05-08","H001","15.00","credit","VOU-15850","4285","350.00","0.00","350.00",NULL,NULL,"VOU-15850","4285","2019-05-08","675.00","0.00","675.00","0.00","0.00","0","VOU-15850","4285","2019-05-08","10.00","0.00","10.00",NULL,NULL
"VOU-15850","L002","4285","1050.00","debit","VOU-15850","4285","2019-05-08","L002","1050.00","debit","VOU-15850","4285","350.00","0.00","350.00",NULL,NULL,"VOU-15850","4285","2019-05-08","675.00","0.00","675.00","0.00","0.00","0","VOU-15850","4285","2019-05-08","10.00","0.00","10.00",NULL,NULL
"VOU-15851","A003","4286","675.00","credit","VOU-15851","4286","2019-05-08","A003","675.00","credit","VOU-15851","4286","350.00","0.00","350.00",NULL,NULL,"VOU-15851","4286","2019-05-08","675.00","0.00","675.00","0.00","0.00","0","VOU-15851","4286","2019-05-08","10.00","0.00","10.00",NULL,NULL
"VOU-15851","D001","4286","10.00","credit","VOU-15851","4286","2019-05-08","D001","10.00","credit","VOU-15851","4286","350.00","0.00","350.00",NULL,NULL,"VOU-15851","4286","2019-05-08","675.00","0.00","675.00","0.00","0.00","0","VOU-15851","4286","2019-05-08","10.00","0.00","10.00",NULL,NULL
"VOU-15851","E003","4286","350.00","credit","VOU-15851","4286","2019-05-08","E003","350.00","credit","VOU-15851","4286","350.00","0.00","350.00",NULL,NULL,"VOU-15851","4286","2019-05-08","675.00","0.00","675.00","0.00","0.00","0","VOU-15851","4286","2019-05-08","10.00","0.00","10.00",NULL,NULL
"VOU-15851","H001","4286","15.00","credit","VOU-15851","4286","2019-05-08","H001","15.00","credit","VOU-15851","4286","350.00","0.00","350.00",NULL,NULL,"VOU-15851","4286","2019-05-08","675.00","0.00","675.00","0.00","0.00","0","VOU-15851","4286","2019-05-08","10.00","0.00","10.00",NULL,NULL
"VOU-15851","L002","4286","1050.00","debit","VOU-15851","4286","2019-05-08","L002","1050.00","debit","VOU-15851","4286","350.00","0.00","350.00",NULL,NULL,"VOU-15851","4286","2019-05-08","675.00","0.00","675.00","0.00","0.00","0","VOU-15851","4286","2019-05-08","10.00","0.00","10.00",NULL,NULL
"VOU-15852","F001","3774","2306.00","credit","VOU-15852","3774","2019-05-03","F001","2306.00","credit",NULL,NULL,NULL,NULL,NULL,NULL,NULL,NULL,NULL,NULL,NULL,NULL,NULL,NULL,NULL,NULL,NULL,NULL,NULL,NULL,NULL,NULL,NULL,NULL
"VOU-15852","G001","3774","2600.00","credit","VOU-15852","3774","2019-05-03","G001","2600.00","credit",NULL,NULL,NULL,NULL,NULL,NULL,NULL,NULL,NULL,NULL,NULL,NULL,NULL,NULL,NULL,NULL,NULL,NULL,NULL,NULL,NULL,NULL,NULL,NULL
"VOU-15852","L002","3774","4906.00","debit","VOU-15852","3774","2019-05-03","L002","4906.00","debit",NULL,NULL,NULL,NULL,NULL,NULL,NULL,NULL,NULL,NULL,NULL,NULL,NULL,NULL,NULL,NULL,NULL,NULL,NULL,NULL,NULL,NULL,NULL,NULL
"VOU-15853","G001","4005","35000.00","credit","VOU-15853","4005","2019-04-30","G001","35000.00","credit",NULL,NULL,NULL,NULL,NULL,NULL,NULL,NULL,NULL,NULL,NULL,NULL,NULL,NULL,NULL,NULL,NULL,NULL,NULL,NULL,NULL,NULL,NULL,NULL
"VOU-15853","L002","4005","35000.00","debit","VOU-15853","4005","2019-04-30","L002","35000.00","debit",NULL,NULL,NULL,NULL,NULL,NULL,NULL,NULL,NULL,NULL,NULL,NULL,NULL,NULL,NULL,NULL,NULL,NULL,NULL,NULL,NULL,NULL,NULL,NULL
"VOU-15854","A003","4282","700.00","credit",NULL,NULL,NULL,NULL,NULL,NULL,NULL,NULL,NULL,NULL,NULL,NULL,NULL,NULL,NULL,NULL,NULL,NULL,NULL,NULL,NULL,NULL,NULL,NULL,NULL,NULL,NULL,NULL,NULL,NULL
"VOU-15854","D001","4282","10.00","credit",NULL,NULL,NULL,NULL,NULL,NULL,NULL,NULL,NULL,NULL,NULL,NULL,NULL,NULL,NULL,NULL,NULL,NULL,NULL,NULL,NULL,NULL,NULL,NULL,NULL,NULL,NULL,NULL,NULL,NULL
"VOU-15854","E003","4282","350.00","credit",NULL,NULL,NULL,NULL,NULL,NULL,NULL,NULL,NULL,NULL,NULL,NULL,NULL,NULL,NULL,NULL,NULL,NULL,NULL,NULL,NULL,NULL,NULL,NULL,NULL,NULL,NULL,NULL,NULL,NULL
"VOU-15854","H001","4282","15.00","credit",NULL,NULL,NULL,NULL,NULL,NULL,NULL,NULL,NULL,NULL,NULL,NULL,NULL,NULL,NULL,NULL,NULL,NULL,NULL,NULL,NULL,NULL,NULL,NULL,NULL,NULL,NULL,NULL,NULL,NULL
"VOU-15854","L002","4282","1075.00","debit",NULL,NULL,NULL,NULL,NULL,NULL,NULL,NULL,NULL,NULL,NULL,NULL,NULL,NULL,NULL,NULL,NULL,NULL,NULL,NULL,NULL,NULL,NULL,NULL,NULL,NULL,NULL,NULL,NULL,NULL
"VOU-15856","A003","4282","700.00","credit","VOU-15856","4282","2019-05-02","A003","700.00","credit","VOU-15856","4282","350.00","0.00","350.00",NULL,NULL,"VOU-15856","4282","2019-05-02","700.00","0.00","700.00","0.00","0.00","0","VOU-15856","4282","2019-05-02","10.00","0.00","10.00",NULL,NULL
"VOU-15856","D001","4282","10.00","credit","VOU-15856","4282","2019-05-02","D001","10.00","credit","VOU-15856","4282","350.00","0.00","350.00",NULL,NULL,"VOU-15856","4282","2019-05-02","700.00","0.00","700.00","0.00","0.00","0","VOU-15856","4282","2019-05-02","10.00","0.00","10.00",NULL,NULL
"VOU-15856","E003","4282","350.00","credit","VOU-15856","4282","2019-05-02","E003","350.00","credit","VOU-15856","4282","350.00","0.00","350.00",NULL,NULL,"VOU-15856","4282","2019-05-02","700.00","0.00","700.00","0.00","0.00","0","VOU-15856","4282","2019-05-02","10.00","0.00","10.00",NULL,NULL
"VOU-15856","H001","4282","15.00","credit","VOU-15856","4282","2019-05-02","H001","15.00","credit","VOU-15856","4282","350.00","0.00","350.00",NULL,NULL,"VOU-15856","4282","2019-05-02","700.00","0.00","700.00","0.00","0.00","0","VOU-15856","4282","2019-05-02","10.00","0.00","10.00",NULL,NULL
"VOU-15856","L002","4282","1075.00","debit","VOU-15856","4282","2019-05-02","L002","1075.00","debit","VOU-15856","4282","350.00","0.00","350.00",NULL,NULL,"VOU-15856","4282","2019-05-02","700.00","0.00","700.00","0.00","0.00","0","VOU-15856","4282","2019-05-02","10.00","0.00","10.00",NULL,NULL
"VOU-15857","I002",,"0.00","credit",NULL,NULL,NULL,NULL,NULL,NULL,NULL,NULL,NULL,NULL,NULL,NULL,NULL,NULL,NULL,NULL,NULL,NULL,NULL,NULL,NULL,NULL,NULL,NULL,NULL,NULL,NULL,NULL,NULL,NULL
"VOU-15857","L002",,"0.00","debit",NULL,NULL,NULL,NULL,NULL,NULL,NULL,NULL,NULL,NULL,NULL,NULL,NULL,NULL,NULL,NULL,NULL,NULL,NULL,NULL,NULL,NULL,NULL,NULL,NULL,NULL,NULL,NULL,NULL,NULL
"VOU-15858","I002",,"0.00","credit",NULL,NULL,NULL,NULL,NULL,NULL,NULL,NULL,NULL,NULL,NULL,NULL,NULL,NULL,NULL,NULL,NULL,NULL,NULL,NULL,NULL,NULL,NULL,NULL,NULL,NULL,NULL,NULL,NULL,NULL
"VOU-15858","L002",,"0.00","debit",NULL,NULL,NULL,NULL,NULL,NULL,NULL,NULL,NULL,NULL,NULL,NULL,NULL,NULL,NULL,NULL,NULL,NULL,NULL,NULL,NULL,NULL,NULL,NULL,NULL,NULL,NULL,NULL,NULL,NULL
"VOU-15859","I002",,"3400.00","credit",NULL,NULL,NULL,NULL,NULL,NULL,NULL,NULL,NULL,NULL,NULL,NULL,NULL,NULL,NULL,NULL,NULL,NULL,NULL,NULL,NULL,NULL,NULL,NULL,NULL,NULL,NULL,NULL,NULL,NULL
"VOU-15859","L002",,"3400.00","debit",NULL,NULL,NULL,NULL,NULL,NULL,NULL,NULL,NULL,NULL,NULL,NULL,NULL,NULL,NULL,NULL,NULL,NULL,NULL,NULL,NULL,NULL,NULL,NULL,NULL,NULL,NULL,NULL,NULL,NULL
"VOU-15860","F001","4205","98.00","credit","VOU-15860","4205","2019-05-09","F001","98.00","credit",NULL,NULL,NULL,NULL,NULL,NULL,NULL,NULL,NULL,NULL,NULL,NULL,NULL,NULL,NULL,NULL,NULL,NULL,NULL,NULL,NULL,NULL,NULL,NULL
"VOU-15860","P004","4205","98.00","debit","VOU-15860","4205","2019-05-09","P004","98.00","debit",NULL,NULL,NULL,NULL,NULL,NULL,NULL,NULL,NULL,NULL,NULL,NULL,NULL,NULL,NULL,NULL,NULL,NULL,NULL,NULL,NULL,NULL,NULL,NULL
"VOU-15861","F001","4190","174.00","credit","VOU-15861","4190","2019-05-09","F001","174.00","credit",NULL,NULL,NULL,NULL,NULL,NULL,NULL,NULL,NULL,NULL,NULL,NULL,NULL,NULL,NULL,NULL,NULL,NULL,NULL,NULL,NULL,NULL,NULL,NULL
"VOU-15861","P004","4190","174.00","debit","VOU-15861","4190","2019-05-09","P004","174.00","debit",NULL,NULL,NULL,NULL,NULL,NULL,NULL,NULL,NULL,NULL,NULL,NULL,NULL,NULL,NULL,NULL,NULL,NULL,NULL,NULL,NULL,NULL,NULL,NULL
"VOU-15862","F001","3885","1524.00","credit","VOU-15862","3885","2019-05-09","F001","1524.00","credit",NULL,NULL,NULL,NULL,NULL,NULL,NULL,NULL,NULL,NULL,NULL,NULL,NULL,NULL,NULL,NULL,NULL,NULL,NULL,NULL,NULL,NULL,NULL,NULL
"VOU-15862","P004","3885","1524.00","debit","VOU-15862","3885","2019-05-09","P004","1524.00","debit",NULL,NULL,NULL,NULL,NULL,NULL,NULL,NULL,NULL,NULL,NULL,NULL,NULL,NULL,NULL,NULL,NULL,NULL,NULL,NULL,NULL,NULL,NULL,NULL
"VOU-15863","A003","4112","1361.00","credit","VOU-15863","4112","2019-05-09","A003","1361.00","credit",NULL,NULL,NULL,NULL,NULL,NULL,NULL,"VOU-15863","4112","2019-05-09","1361.00","19409.00","20770.00","1591.00","0.00","0",NULL,NULL,NULL,NULL,NULL,NULL,NULL,NULL
"VOU-15863","P004","4112","1361.00","debit","VOU-15863","4112","2019-05-09","P004","1361.00","debit",NULL,NULL,NULL,NULL,NULL,NULL,NULL,"VOU-15863","4112","2019-05-09","1361.00","19409.00","20770.00","1591.00","0.00","0",NULL,NULL,NULL,NULL,NULL,NULL,NULL,NULL
"VOU-15864","A003","4205","1400.00","credit","VOU-15864","4205","2019-04-12","A003","1400.00","credit","VOU-15864","4205","700.00","2100.00","2800.00","0.00",NULL,"VOU-15864","4205","2019-04-12","1400.00","4100.00","5500.00","1400.00","0.00","0",NULL,NULL,NULL,NULL,NULL,NULL,NULL,NULL
"VOU-15864","E003","4205","700.00","credit","VOU-15864","4205","2019-04-12","E003","700.00","credit","VOU-15864","4205","700.00","2100.00","2800.00","0.00",NULL,"VOU-15864","4205","2019-04-12","1400.00","4100.00","5500.00","1400.00","0.00","0",NULL,NULL,NULL,NULL,NULL,NULL,NULL,NULL
"VOU-15864","F001","4205","3304.00","credit","VOU-15864","4205","2019-04-12","F001","3304.00","credit","VOU-15864","4205","700.00","2100.00","2800.00","0.00",NULL,"VOU-15864","4205","2019-04-12","1400.00","4100.00","5500.00","1400.00","0.00","0",NULL,NULL,NULL,NULL,NULL,NULL,NULL,NULL
"VOU-15864","G001","4205","3400.00","credit","VOU-15864","4205","2019-04-12","G001","3400.00","credit","VOU-15864","4205","700.00","2100.00","2800.00","0.00",NULL,"VOU-15864","4205","2019-04-12","1400.00","4100.00","5500.00","1400.00","0.00","0",NULL,NULL,NULL,NULL,NULL,NULL,NULL,NULL
"VOU-15864","L002","4205","8804.00","debit","VOU-15864","4205","2019-04-12","L002","8804.00","debit","VOU-15864","4205","700.00","2100.00","2800.00","0.00",NULL,"VOU-15864","4205","2019-04-12","1400.00","4100.00","5500.00","1400.00","0.00","0",NULL,NULL,NULL,NULL,NULL,NULL,NULL,NULL
"VOU-15865","A003","4190","958.00","credit","VOU-15865","4190","2019-04-15","A003","958.00","credit","VOU-15865","4190","350.00","3500.00","3850.00","0.00",NULL,"VOU-15865","4190","2019-04-15","958.00","6234.00","7192.00","1466.00","0.00","0",NULL,NULL,NULL,NULL,NULL,NULL,NULL,NULL
"VOU-15865","E003","4190","350.00","credit","VOU-15865","4190","2019-04-15","E003","350.00","credit","VOU-15865","4190","350.00","3500.00","3850.00","0.00",NULL,"VOU-15865","4190","2019-04-15","958.00","6234.00","7192.00","1466.00","0.00","0",NULL,NULL,NULL,NULL,NULL,NULL,NULL,NULL
"VOU-15865","F001","4190","992.00","credit","VOU-15865","4190","2019-04-15","F001","992.00","credit","VOU-15865","4190","350.00","3500.00","3850.00","0.00",NULL,"VOU-15865","4190","2019-04-15","958.00","6234.00","7192.00","1466.00","0.00","0",NULL,NULL,NULL,NULL,NULL,NULL,NULL,NULL
"VOU-15865","G001","4190","1300.00","credit","VOU-15865","4190","2019-04-15","G001","1300.00","credit","VOU-15865","4190","350.00","3500.00","3850.00","0.00",NULL,"VOU-15865","4190","2019-04-15","958.00","6234.00","7192.00","1466.00","0.00","0",NULL,NULL,NULL,NULL,NULL,NULL,NULL,NULL
"VOU-15865","L002","4190","3600.00","debit","VOU-15865","4190","2019-04-15","L002","3600.00","debit","VOU-15865","4190","350.00","3500.00","3850.00","0.00",NULL,"VOU-15865","4190","2019-04-15","958.00","6234.00","7192.00","1466.00","0.00","0",NULL,NULL,NULL,NULL,NULL,NULL,NULL,NULL
"VOU-15866","A003","3888","1050.00","credit","VOU-15866","3888","2019-04-15","A003","1050.00","credit",NULL,NULL,NULL,NULL,NULL,NULL,NULL,"VOU-15866","3888","2019-04-15","1050.00","44127.00","45177.00","1050.00","0.00","0",NULL,NULL,NULL,NULL,NULL,NULL,NULL,NULL
"VOU-15866","L002","3888","1050.00","debit","VOU-15866","3888","2019-04-15","L002","1050.00","debit",NULL,NULL,NULL,NULL,NULL,NULL,NULL,"VOU-15866","3888","2019-04-15","1050.00","44127.00","45177.00","1050.00","0.00","0",NULL,NULL,NULL,NULL,NULL,NULL,NULL,NULL
"VOU-15867","A003","3888","1050.00","credit",NULL,NULL,NULL,NULL,NULL,NULL,NULL,NULL,NULL,NULL,NULL,NULL,NULL,NULL,NULL,NULL,NULL,NULL,NULL,NULL,NULL,NULL,NULL,NULL,NULL,NULL,NULL,NULL,NULL,NULL
"VOU-15867","L002","3888","1050.00","debit",NULL,NULL,NULL,NULL,NULL,NULL,NULL,NULL,NULL,NULL,NULL,NULL,NULL,NULL,NULL,NULL,NULL,NULL,NULL,NULL,NULL,NULL,NULL,NULL,NULL,NULL,NULL,NULL,NULL,NULL
"VOU-15868","G001","4076","40412.00","credit","VOU-15868","4076","2019-04-22","G001","40412.00","credit",NULL,NULL,NULL,NULL,NULL,NULL,NULL,NULL,NULL,NULL,NULL,NULL,NULL,NULL,NULL,NULL,NULL,NULL,NULL,NULL,NULL,NULL,NULL,NULL
"VOU-15868","L002","4076","40412.00","debit","VOU-15868","4076","2019-04-22","L002","40412.00","debit",NULL,NULL,NULL,NULL,NULL,NULL,NULL,NULL,NULL,NULL,NULL,NULL,NULL,NULL,NULL,NULL,NULL,NULL,NULL,NULL,NULL,NULL,NULL,NULL
"VOU-15871","A003","3413","918.00","credit","VOU-15871","3413","2019-04-29","A003","918.00","credit",NULL,NULL,NULL,NULL,NULL,NULL,NULL,"VOU-15871","3413","2019-04-29","918.00","127029.00","127947.00","1200.00","0.00","0",NULL,NULL,NULL,NULL,NULL,NULL,NULL,NULL
"VOU-15871","G001","3413","39082.00","credit","VOU-15871","3413","2019-04-29","G001","39082.00","credit",NULL,NULL,NULL,NULL,NULL,NULL,NULL,"VOU-15871","3413","2019-04-29","918.00","127029.00","127947.00","1200.00","0.00","0",NULL,NULL,NULL,NULL,NULL,NULL,NULL,NULL
"VOU-15871","L002","3413","40000.00","debit","VOU-15871","3413","2019-04-29","L002","40000.00","debit",NULL,NULL,NULL,NULL,NULL,NULL,NULL,"VOU-15871","3413","2019-04-29","918.00","127029.00","127947.00","1200.00","0.00","0",NULL,NULL,NULL,NULL,NULL,NULL,NULL,NULL
"VOU-15872","G001","3413","50000.00","credit","VOU-15872","3413","2019-04-29","G001","50000.00","credit",NULL,NULL,NULL,NULL,NULL,NULL,NULL,NULL,NULL,NULL,NULL,NULL,NULL,NULL,NULL,NULL,NULL,NULL,NULL,NULL,NULL,NULL,NULL,NULL
"VOU-15872","L002","3413","50000.00","debit","VOU-15872","3413","2019-04-29","L002","50000.00","debit",NULL,NULL,NULL,NULL,NULL,NULL,NULL,NULL,NULL,NULL,NULL,NULL,NULL,NULL,NULL,NULL,NULL,NULL,NULL,NULL,NULL,NULL,NULL,NULL
"VOU-15873","G001","4075","37104.00","credit","VOU-15873","4075","2019-04-30","G001","37104.00","credit",NULL,NULL,NULL,NULL,NULL,NULL,NULL,NULL,NULL,NULL,NULL,NULL,NULL,NULL,NULL,NULL,NULL,NULL,NULL,NULL,NULL,NULL,NULL,NULL
"VOU-15873","L002","4075","37104.00","debit","VOU-15873","4075","2019-04-30","L002","37104.00","debit",NULL,NULL,NULL,NULL,NULL,NULL,NULL,NULL,NULL,NULL,NULL,NULL,NULL,NULL,NULL,NULL,NULL,NULL,NULL,NULL,NULL,NULL,NULL,NULL
"VOU-15874","G001","3772","7000.00","credit","VOU-15874","3772","2019-04-30","G001","7000.00","credit",NULL,NULL,NULL,NULL,NULL,NULL,NULL,NULL,NULL,NULL,NULL,NULL,NULL,NULL,NULL,NULL,NULL,NULL,NULL,NULL,NULL,NULL,NULL,NULL
"VOU-15874","L002","3772","7000.00","debit","VOU-15874","3772","2019-04-30","L002","7000.00","debit",NULL,NULL,NULL,NULL,NULL,NULL,NULL,NULL,NULL,NULL,NULL,NULL,NULL,NULL,NULL,NULL,NULL,NULL,NULL,NULL,NULL,NULL,NULL,NULL
"VOU-15875","G001","3413","250000.00","credit","VOU-15875","3413","2019-05-01","G001","250000.00","credit",NULL,NULL,NULL,NULL,NULL,NULL,NULL,NULL,NULL,NULL,NULL,NULL,NULL,NULL,NULL,NULL,NULL,NULL,NULL,NULL,NULL,NULL,NULL,NULL
"VOU-15875","L002","3413","250000.00","debit","VOU-15875","3413","2019-05-01","L002","250000.00","debit",NULL,NULL,NULL,NULL,NULL,NULL,NULL,NULL,NULL,NULL,NULL,NULL,NULL,NULL,NULL,NULL,NULL,NULL,NULL,NULL,NULL,NULL,NULL,NULL
"VOU-15870","A003",,"1082.00","credit","VOU-15870",,"2019-04-29","A003","1082.00","credit","VOU-15870",,"800.00","0.00","800.00","0.00",NULL,"VOU-15870",,"2019-04-29","1082.00","0.00","1082.00","0.00","0.00","0",NULL,NULL,NULL,NULL,NULL,NULL,NULL,NULL
"VOU-15870","E003",,"800.00","credit","VOU-15870",,"2019-04-29","E003","800.00","credit","VOU-15870",,"800.00","0.00","800.00","0.00",NULL,"VOU-15870",,"2019-04-29","1082.00","0.00","1082.00","0.00","0.00","0",NULL,NULL,NULL,NULL,NULL,NULL,NULL,NULL
"VOU-15870","F001",,"1268.00","credit","VOU-15870",,"2019-04-29","F001","1268.00","credit","VOU-15870",,"800.00","0.00","800.00","0.00",NULL,"VOU-15870",,"2019-04-29","1082.00","0.00","1082.00","0.00","0.00","0",NULL,NULL,NULL,NULL,NULL,NULL,NULL,NULL
"VOU-15870","G001",,"6850.00","credit","VOU-15870",,"2019-04-29","G001","6850.00","credit","VOU-15870",,"800.00","0.00","800.00","0.00",NULL,"VOU-15870",,"2019-04-29","1082.00","0.00","1082.00","0.00","0.00","0",NULL,NULL,NULL,NULL,NULL,NULL,NULL,NULL
"VOU-15870","L002",,"10000.00","debit","VOU-15870",,"2019-04-29","L002","10000.00","debit","VOU-15870",,"800.00","0.00","800.00","0.00",NULL,"VOU-15870",,"2019-04-29","1082.00","0.00","1082.00","0.00","0.00","0",NULL,NULL,NULL,NULL,NULL,NULL,NULL,NULL
"VOU-15869","G001",,"474800.00","credit","VOU-15869",,"2019-04-24","G001","474800.00","credit",NULL,NULL,NULL,NULL,NULL,NULL,NULL,NULL,NULL,NULL,NULL,NULL,NULL,NULL,NULL,NULL,NULL,NULL,NULL,NULL,NULL,NULL,NULL,NULL
"VOU-15869","I002",,"8192.00","credit","VOU-15869",,"2019-04-24","I002","8192.00","credit",NULL,NULL,NULL,NULL,NULL,NULL,NULL,NULL,NULL,NULL,NULL,NULL,NULL,NULL,NULL,NULL,NULL,NULL,NULL,NULL,NULL,NULL,NULL,NULL
"VOU-15869","L002",,"482992.00","debit","VOU-15869",,"2019-04-24","L002","482992.00","debit",NULL,NULL,NULL,NULL,NULL,NULL,NULL,NULL,NULL,NULL,NULL,NULL,NULL,NULL,NULL,NULL,NULL,NULL,NULL,NULL,NULL,NULL,NULL,NULL
"VOU-15876","F001","4182","3747.00","credit","VOU-15876","4182","2019-05-04","F001","3747.00","credit",NULL,NULL,NULL,NULL,NULL,NULL,NULL,NULL,NULL,NULL,NULL,NULL,NULL,NULL,NULL,NULL,NULL,NULL,NULL,NULL,NULL,NULL,NULL,NULL
"VOU-15876","G001","4182","4200.00","credit","VOU-15876","4182","2019-05-04","G001","4200.00","credit",NULL,NULL,NULL,NULL,NULL,NULL,NULL,NULL,NULL,NULL,NULL,NULL,NULL,NULL,NULL,NULL,NULL,NULL,NULL,NULL,NULL,NULL,NULL,NULL
"VOU-15876","L002","4182","7947.00","debit","VOU-15876","4182","2019-05-04","L002","7947.00","debit",NULL,NULL,NULL,NULL,NULL,NULL,NULL,NULL,NULL,NULL,NULL,NULL,NULL,NULL,NULL,NULL,NULL,NULL,NULL,NULL,NULL,NULL,NULL,NULL
"VOU-15877","F001","2926","5712.00","credit","VOU-15877","2926","2019-05-06","F001","5712.00","credit",NULL,NULL,NULL,NULL,NULL,NULL,NULL,NULL,NULL,NULL,NULL,NULL,NULL,NULL,NULL,NULL,NULL,NULL,NULL,NULL,NULL,NULL,NULL,NULL
"VOU-15877","F002","2926","150.00","credit","VOU-15877","2926","2019-05-06","F002","150.00","credit",NULL,NULL,NULL,NULL,NULL,NULL,NULL,NULL,NULL,NULL,NULL,NULL,NULL,NULL,NULL,NULL,NULL,NULL,NULL,NULL,NULL,NULL,NULL,NULL
"VOU-15877","G001","2926","7300.00","credit","VOU-15877","2926","2019-05-06","G001","7300.00","credit",NULL,NULL,NULL,NULL,NULL,NULL,NULL,NULL,NULL,NULL,NULL,NULL,NULL,NULL,NULL,NULL,NULL,NULL,NULL,NULL,NULL,NULL,NULL,NULL
"VOU-15877","G002","2926","3000.00","credit","VOU-15877","2926","2019-05-06","G002","3000.00","credit",NULL,NULL,NULL,NULL,NULL,NULL,NULL,NULL,NULL,NULL,NULL,NULL,NULL,NULL,NULL,NULL,NULL,NULL,NULL,NULL,NULL,NULL,NULL,NULL
"VOU-15877","L002","2926","16162.00","debit","VOU-15877","2926","2019-05-06","L002","16162.00","debit",NULL,NULL,NULL,NULL,NULL,NULL,NULL,NULL,NULL,NULL,NULL,NULL,NULL,NULL,NULL,NULL,NULL,NULL,NULL,NULL,NULL,NULL,NULL,NULL
"VOU-15878","F001","2511","5468.00","credit","VOU-15878","2511","2019-05-06","F001","5468.00","credit",NULL,NULL,NULL,NULL,NULL,NULL,NULL,NULL,NULL,NULL,NULL,NULL,NULL,NULL,NULL,NULL,NULL,NULL,NULL,NULL,NULL,NULL,NULL,NULL
"VOU-15878","G001","2511","7300.00","credit","VOU-15878","2511","2019-05-06","G001","7300.00","credit",NULL,NULL,NULL,NULL,NULL,NULL,NULL,NULL,NULL,NULL,NULL,NULL,NULL,NULL,NULL,NULL,NULL,NULL,NULL,NULL,NULL,NULL,NULL,NULL
"VOU-15878","L002","2511","12768.00","debit","VOU-15878","2511","2019-05-06","L002","12768.00","debit",NULL,NULL,NULL,NULL,NULL,NULL,NULL,NULL,NULL,NULL,NULL,NULL,NULL,NULL,NULL,NULL,NULL,NULL,NULL,NULL,NULL,NULL,NULL,NULL
"VOU-15879","F001","2454","5637.00","credit","VOU-15879","2454","2019-05-06","F001","5637.00","credit",NULL,NULL,NULL,NULL,NULL,NULL,NULL,NULL,NULL,NULL,NULL,NULL,NULL,NULL,NULL,NULL,NULL,NULL,NULL,NULL,NULL,NULL,NULL,NULL
"VOU-15879","G001","2454","5900.00","credit","VOU-15879","2454","2019-05-06","G001","5900.00","credit",NULL,NULL,NULL,NULL,NULL,NULL,NULL,NULL,NULL,NULL,NULL,NULL,NULL,NULL,NULL,NULL,NULL,NULL,NULL,NULL,NULL,NULL,NULL,NULL
"VOU-15879","L002","2454","11537.00","debit","VOU-15879","2454","2019-05-06","L002","11537.00","debit",NULL,NULL,NULL,NULL,NULL,NULL,NULL,NULL,NULL,NULL,NULL,NULL,NULL,NULL,NULL,NULL,NULL,NULL,NULL,NULL,NULL,NULL,NULL,NULL
"VOU-15880","F001","2866","5296.00","credit","VOU-15880","2866","2019-05-06","F001","5296.00","credit",NULL,NULL,NULL,NULL,NULL,NULL,NULL,NULL,NULL,NULL,NULL,NULL,NULL,NULL,NULL,NULL,NULL,NULL,NULL,NULL,NULL,NULL,NULL,NULL
"VOU-15880","G001","2866","7000.00","credit","VOU-15880","2866","2019-05-06","G001","7000.00","credit",NULL,NULL,NULL,NULL,NULL,NULL,NULL,NULL,NULL,NULL,NULL,NULL,NULL,NULL,NULL,NULL,NULL,NULL,NULL,NULL,NULL,NULL,NULL,NULL
"VOU-15880","L002","2866","12296.00","debit","VOU-15880","2866","2019-05-06","L002","12296.00","debit",NULL,NULL,NULL,NULL,NULL,NULL,NULL,NULL,NULL,NULL,NULL,NULL,NULL,NULL,NULL,NULL,NULL,NULL,NULL,NULL,NULL,NULL,NULL,NULL
"VOU-15881","F001","3117","5712.00","credit","VOU-15881","3117","2019-05-06","F001","5712.00","credit",NULL,NULL,NULL,NULL,NULL,NULL,NULL,NULL,NULL,NULL,NULL,NULL,NULL,NULL,NULL,NULL,NULL,NULL,NULL,NULL,NULL,NULL,NULL,NULL
"VOU-15881","F002","3117","150.00","credit","VOU-15881","3117","2019-05-06","F002","150.00","credit",NULL,NULL,NULL,NULL,NULL,NULL,NULL,NULL,NULL,NULL,NULL,NULL,NULL,NULL,NULL,NULL,NULL,NULL,NULL,NULL,NULL,NULL,NULL,NULL
"VOU-15881","G001","3117","7300.00","credit","VOU-15881","3117","2019-05-06","G001","7300.00","credit",NULL,NULL,NULL,NULL,NULL,NULL,NULL,NULL,NULL,NULL,NULL,NULL,NULL,NULL,NULL,NULL,NULL,NULL,NULL,NULL,NULL,NULL,NULL,NULL
"VOU-15881","G002","3117","3000.00","credit","VOU-15881","3117","2019-05-06","G002","3000.00","credit",NULL,NULL,NULL,NULL,NULL,NULL,NULL,NULL,NULL,NULL,NULL,NULL,NULL,NULL,NULL,NULL,NULL,NULL,NULL,NULL,NULL,NULL,NULL,NULL
"VOU-15881","L002","3117","16162.00","debit","VOU-15881","3117","2019-05-06","L002","16162.00","debit",NULL,NULL,NULL,NULL,NULL,NULL,NULL,NULL,NULL,NULL,NULL,NULL,NULL,NULL,NULL,NULL,NULL,NULL,NULL,NULL,NULL,NULL,NULL,NULL
"VOU-15882","F001","4216","3333.00","credit","VOU-15882","4216","2019-05-06","F001","3333.00","credit",NULL,NULL,NULL,NULL,NULL,NULL,NULL,NULL,NULL,NULL,NULL,NULL,NULL,NULL,NULL,NULL,NULL,NULL,NULL,NULL,NULL,NULL,NULL,NULL
"VOU-15882","G001","4216","3600.00","credit","VOU-15882","4216","2019-05-06","G001","3600.00","credit",NULL,NULL,NULL,NULL,NULL,NULL,NULL,NULL,NULL,NULL,NULL,NULL,NULL,NULL,NULL,NULL,NULL,NULL,NULL,NULL,NULL,NULL,NULL,NULL
"VOU-15882","L002","4216","6933.00","debit","VOU-15882","4216","2019-05-06","L002","6933.00","debit",NULL,NULL,NULL,NULL,NULL,NULL,NULL,NULL,NULL,NULL,NULL,NULL,NULL,NULL,NULL,NULL,NULL,NULL,NULL,NULL,NULL,NULL,NULL,NULL
"VOU-15883","F002","2008","150.00","credit","VOU-15883","2008","2019-05-07","F002","150.00","credit",NULL,NULL,NULL,NULL,NULL,NULL,NULL,NULL,NULL,NULL,NULL,NULL,NULL,NULL,NULL,NULL,NULL,NULL,NULL,NULL,NULL,NULL,NULL,NULL
"VOU-15883","G002","2008","3000.00","credit","VOU-15883","2008","2019-05-07","G002","3000.00","credit",NULL,NULL,NULL,NULL,NULL,NULL,NULL,NULL,NULL,NULL,NULL,NULL,NULL,NULL,NULL,NULL,NULL,NULL,NULL,NULL,NULL,NULL,NULL,NULL
"VOU-15883","L002","2008","3150.00","debit","VOU-15883","2008","2019-05-07","L002","3150.00","debit",NULL,NULL,NULL,NULL,NULL,NULL,NULL,NULL,NULL,NULL,NULL,NULL,NULL,NULL,NULL,NULL,NULL,NULL,NULL,NULL,NULL,NULL,NULL,NULL
"VOU-15889","I002","3727","2592.00","credit","VOU-15889","3727","2019-04-29","I002","2592.00","credit",NULL,NULL,NULL,NULL,NULL,NULL,NULL,NULL,NULL,NULL,NULL,NULL,NULL,NULL,NULL,NULL,NULL,NULL,NULL,NULL,NULL,NULL,NULL,NULL
"VOU-15889","L002","3727","2592.00","debit","VOU-15889","3727","2019-04-29","L002","2592.00","debit",NULL,NULL,NULL,NULL,NULL,NULL,NULL,NULL,NULL,NULL,NULL,NULL,NULL,NULL,NULL,NULL,NULL,NULL,NULL,NULL,NULL,NULL,NULL,NULL
"VOU-15890","F001","3542","948.00","credit","VOU-15890","3542","2019-05-09","F001","948.00","credit",NULL,NULL,NULL,NULL,NULL,NULL,NULL,NULL,NULL,NULL,NULL,NULL,NULL,NULL,NULL,NULL,NULL,NULL,NULL,NULL,NULL,NULL,NULL,NULL
"VOU-15890","P004","3542","948.00","debit","VOU-15890","3542","2019-05-09","P004","948.00","debit",NULL,NULL,NULL,NULL,NULL,NULL,NULL,NULL,NULL,NULL,NULL,NULL,NULL,NULL,NULL,NULL,NULL,NULL,NULL,NULL,NULL,NULL,NULL,NULL
"VOU-15891","F001","3046","1668.00","credit","VOU-15891","3046","2019-05-09","F001","1668.00","credit",NULL,NULL,NULL,NULL,NULL,NULL,NULL,NULL,NULL,NULL,NULL,NULL,NULL,NULL,NULL,NULL,NULL,NULL,NULL,NULL,NULL,NULL,NULL,NULL
"VOU-15891","P004","3046","1668.00","debit","VOU-15891","3046","2019-05-09","P004","1668.00","debit",NULL,NULL,NULL,NULL,NULL,NULL,NULL,NULL,NULL,NULL,NULL,NULL,NULL,NULL,NULL,NULL,NULL,NULL,NULL,NULL,NULL,NULL,NULL,NULL
"VOU-15892","A003","4021","1093.00","credit","VOU-15892","4021","2019-05-09","A003","1093.00","credit",NULL,NULL,NULL,NULL,NULL,NULL,NULL,"VOU-15892","4021","2019-05-09","1093.00","17610.00","18703.00","11940.00","0.00","0",NULL,NULL,NULL,NULL,NULL,NULL,NULL,NULL
"VOU-15892","P004","4021","1093.00","debit","VOU-15892","4021","2019-05-09","P004","1093.00","debit",NULL,NULL,NULL,NULL,NULL,NULL,NULL,"VOU-15892","4021","2019-05-09","1093.00","17610.00","18703.00","11940.00","0.00","0",NULL,NULL,NULL,NULL,NULL,NULL,NULL,NULL
"VOU-15896","A003","4055","1628.00","credit","VOU-15896","4055","2019-05-09","A003","1628.00","credit",NULL,NULL,NULL,NULL,NULL,NULL,NULL,"VOU-15896","4055","2019-05-09","1628.00","20101.00","21729.00","6299.00","0.00","0",NULL,NULL,NULL,NULL,NULL,NULL,NULL,NULL
"VOU-15896","P004","4055","1628.00","debit","VOU-15896","4055","2019-05-09","P004","1628.00","debit",NULL,NULL,NULL,NULL,NULL,NULL,NULL,"VOU-15896","4055","2019-05-09","1628.00","20101.00","21729.00","6299.00","0.00","0",NULL,NULL,NULL,NULL,NULL,NULL,NULL,NULL
"VOU-15897","F001","3510","5856.00","credit","VOU-15897","3510","2019-05-09","F001","5856.00","credit",NULL,NULL,NULL,NULL,NULL,NULL,NULL,NULL,NULL,NULL,NULL,NULL,NULL,NULL,NULL,NULL,NULL,NULL,NULL,NULL,NULL,NULL,NULL,NULL
"VOU-15897","P004","3510","5856.00","debit","VOU-15897","3510","2019-05-09","P004","5856.00","debit",NULL,NULL,NULL,NULL,NULL,NULL,NULL,NULL,NULL,NULL,NULL,NULL,NULL,NULL,NULL,NULL,NULL,NULL,NULL,NULL,NULL,NULL,NULL,NULL
"VOU-15899","A003","4257","20.00","credit","VOU-15899","4257","2019-05-09","A003","20.00","credit",NULL,NULL,NULL,NULL,NULL,NULL,NULL,"VOU-15899","4257","2019-05-09","20.00","1400.00","1420.00","1400.00","0.00","0",NULL,NULL,NULL,NULL,NULL,NULL,NULL,NULL
"VOU-15899","P004","4257","20.00","debit","VOU-15899","4257","2019-05-09","P004","20.00","debit",NULL,NULL,NULL,NULL,NULL,NULL,NULL,"VOU-15899","4257","2019-05-09","20.00","1400.00","1420.00","1400.00","0.00","0",NULL,NULL,NULL,NULL,NULL,NULL,NULL,NULL
"VOU-15900","A003","4258","20.00","credit","VOU-15900","4258","2019-05-09","A003","20.00","credit",NULL,NULL,NULL,NULL,NULL,NULL,NULL,"VOU-15900","4258","2019-05-09","20.00","1400.00","1420.00","2200.00","0.00","0",NULL,NULL,NULL,NULL,NULL,NULL,NULL,NULL
"VOU-15900","P004","4258","20.00","debit","VOU-15900","4258","2019-05-09","P004","20.00","debit",NULL,NULL,NULL,NULL,NULL,NULL,NULL,"VOU-15900","4258","2019-05-09","20.00","1400.00","1420.00","2200.00","0.00","0",NULL,NULL,NULL,NULL,NULL,NULL,NULL,NULL
"VOU-15901","G001","3832","2208.00","credit","VOU-15901","3832","2019-05-09","G001","2208.00","credit",NULL,NULL,NULL,NULL,NULL,NULL,NULL,NULL,NULL,NULL,NULL,NULL,NULL,NULL,NULL,NULL,NULL,NULL,NULL,NULL,NULL,NULL,NULL,NULL
"VOU-15901","P004","3832","2208.00","debit","VOU-15901","3832","2019-05-09","P004","2208.00","debit",NULL,NULL,NULL,NULL,NULL,NULL,NULL,NULL,NULL,NULL,NULL,NULL,NULL,NULL,NULL,NULL,NULL,NULL,NULL,NULL,NULL,NULL,NULL,NULL
"VOU-15902","F001","2317","3151.00","credit","VOU-15902","2317","2019-05-09","F001","3151.00","credit",NULL,NULL,NULL,NULL,NULL,NULL,NULL,NULL,NULL,NULL,NULL,NULL,NULL,NULL,NULL,NULL,NULL,NULL,NULL,NULL,NULL,NULL,NULL,NULL
"VOU-15902","G001","2317","5000.00","credit","VOU-15902","2317","2019-05-09","G001","5000.00","credit",NULL,NULL,NULL,NULL,NULL,NULL,NULL,NULL,NULL,NULL,NULL,NULL,NULL,NULL,NULL,NULL,NULL,NULL,NULL,NULL,NULL,NULL,NULL,NULL
"VOU-15902","G001","2317","5000.00","credit","VOU-15902","2317","2019-05-09","G001","984.00","credit",NULL,NULL,NULL,NULL,NULL,NULL,NULL,NULL,NULL,NULL,NULL,NULL,NULL,NULL,NULL,NULL,NULL,NULL,NULL,NULL,NULL,NULL,NULL,NULL
"VOU-15902","G001","2317","984.00","credit","VOU-15902","2317","2019-05-09","G001","5000.00","credit",NULL,NULL,NULL,NULL,NULL,NULL,NULL,NULL,NULL,NULL,NULL,NULL,NULL,NULL,NULL,NULL,NULL,NULL,NULL,NULL,NULL,NULL,NULL,NULL
"VOU-15902","G001","2317","984.00","credit","VOU-15902","2317","2019-05-09","G001","984.00","credit",NULL,NULL,NULL,NULL,NULL,NULL,NULL,NULL,NULL,NULL,NULL,NULL,NULL,NULL,NULL,NULL,NULL,NULL,NULL,NULL,NULL,NULL,NULL,NULL
"VOU-15902","P004","2317","9135.00","debit","VOU-15902","2317","2019-05-09","P004","9135.00","debit",NULL,NULL,NULL,NULL,NULL,NULL,NULL,NULL,NULL,NULL,NULL,NULL,NULL,NULL,NULL,NULL,NULL,NULL,NULL,NULL,NULL,NULL,NULL,NULL
"VOU-15903","A003","4218","101.00","credit","VOU-15903","4218","2019-05-09","A003","101.00","credit",NULL,NULL,NULL,NULL,NULL,NULL,NULL,"VOU-15903","4218","2019-05-09","101.00","4200.00","4301.00","700.00","0.00","0",NULL,NULL,NULL,NULL,NULL,NULL,NULL,NULL
"VOU-15903","P004","4218","101.00","debit","VOU-15903","4218","2019-05-09","P004","101.00","debit",NULL,NULL,NULL,NULL,NULL,NULL,NULL,"VOU-15903","4218","2019-05-09","101.00","4200.00","4301.00","700.00","0.00","0",NULL,NULL,NULL,NULL,NULL,NULL,NULL,NULL
"VOU-15904","A003","3965","2598.00","credit","VOU-15904","3965","2019-05-09","A003","2598.00","credit",NULL,NULL,NULL,NULL,NULL,NULL,NULL,"VOU-15904","3965","2019-05-09","2598.00","36645.00","39243.00","2100.00","0.00","0",NULL,NULL,NULL,NULL,NULL,NULL,NULL,NULL
"VOU-15904","P004","3965","2598.00","debit","VOU-15904","3965","2019-05-09","P004","2598.00","debit",NULL,NULL,NULL,NULL,NULL,NULL,NULL,"VOU-15904","3965","2019-05-09","2598.00","36645.00","39243.00","2100.00","0.00","0",NULL,NULL,NULL,NULL,NULL,NULL,NULL,NULL
"VOU-15893","F001",,"3000.00","credit","VOU-15893",,"2019-05-09","F001","3000.00","credit",NULL,NULL,NULL,NULL,NULL,NULL,NULL,NULL,NULL,NULL,NULL,NULL,NULL,NULL,NULL,NULL,NULL,NULL,NULL,NULL,NULL,NULL,NULL,NULL
"VOU-15893","P004",,"3000.00","debit","VOU-15893",,"2019-05-09","P004","3000.00","debit",NULL,NULL,NULL,NULL,NULL,NULL,NULL,NULL,NULL,NULL,NULL,NULL,NULL,NULL,NULL,NULL,NULL,NULL,NULL,NULL,NULL,NULL,NULL,NULL
"VOU-15894","F001",,"11220.00","credit","VOU-15894",,"2019-05-09","F001","11220.00","credit",NULL,NULL,NULL,NULL,NULL,NULL,NULL,NULL,NULL,NULL,NULL,NULL,NULL,NULL,NULL,NULL,NULL,NULL,NULL,NULL,NULL,NULL,NULL,NULL
"VOU-15894","P004",,"11220.00","debit","VOU-15894",,"2019-05-09","P004","11220.00","debit",NULL,NULL,NULL,NULL,NULL,NULL,NULL,NULL,NULL,NULL,NULL,NULL,NULL,NULL,NULL,NULL,NULL,NULL,NULL,NULL,NULL,NULL,NULL,NULL
"VOU-15905","A003","3361","1200.00","credit","VOU-15905","3361","2019-05-07","A003","1200.00","credit",NULL,NULL,NULL,NULL,NULL,NULL,NULL,"VOU-15905","3361","2019-05-07","1200.00","123895.00","125095.00","0.00","0.00","0",NULL,NULL,NULL,NULL,NULL,NULL,NULL,NULL
"VOU-15905","G002","3361","1975.00","credit","VOU-15905","3361","2019-05-07","G002","1975.00","credit",NULL,NULL,NULL,NULL,NULL,NULL,NULL,"VOU-15905","3361","2019-05-07","1200.00","123895.00","125095.00","0.00","0.00","0",NULL,NULL,NULL,NULL,NULL,NULL,NULL,NULL
"VOU-15905","L002","3361","3175.00","debit","VOU-15905","3361","2019-05-07","L002","3175.00","debit",NULL,NULL,NULL,NULL,NULL,NULL,NULL,"VOU-15905","3361","2019-05-07","1200.00","123895.00","125095.00","0.00","0.00","0",NULL,NULL,NULL,NULL,NULL,NULL,NULL,NULL
"VOU-15895","F001",,"1104.00","credit","VOU-15895",,"2019-05-09","F001","1104.00","credit",NULL,NULL,NULL,NULL,NULL,NULL,NULL,NULL,NULL,NULL,NULL,NULL,NULL,NULL,NULL,NULL,NULL,NULL,NULL,NULL,NULL,NULL,NULL,NULL
"VOU-15895","P004",,"1104.00","debit","VOU-15895",,"2019-05-09","P004","1104.00","debit",NULL,NULL,NULL,NULL,NULL,NULL,NULL,NULL,NULL,NULL,NULL,NULL,NULL,NULL,NULL,NULL,NULL,NULL,NULL,NULL,NULL,NULL,NULL,NULL
"VOU-15906","F001","2206","5750.00","credit",NULL,NULL,NULL,NULL,NULL,NULL,NULL,NULL,NULL,NULL,NULL,NULL,NULL,NULL,NULL,NULL,NULL,NULL,NULL,NULL,NULL,NULL,NULL,NULL,NULL,NULL,NULL,NULL,NULL,NULL
"VOU-15906","F002","2206","150.00","credit",NULL,NULL,NULL,NULL,NULL,NULL,NULL,NULL,NULL,NULL,NULL,NULL,NULL,NULL,NULL,NULL,NULL,NULL,NULL,NULL,NULL,NULL,NULL,NULL,NULL,NULL,NULL,NULL,NULL,NULL
"VOU-15906","G001","2206","6840.00","credit",NULL,NULL,NULL,NULL,NULL,NULL,NULL,NULL,NULL,NULL,NULL,NULL,NULL,NULL,NULL,NULL,NULL,NULL,NULL,NULL,NULL,NULL,NULL,NULL,NULL,NULL,NULL,NULL,NULL,NULL
"VOU-15906","G002","2206","3000.00","credit",NULL,NULL,NULL,NULL,NULL,NULL,NULL,NULL,NULL,NULL,NULL,NULL,NULL,NULL,NULL,NULL,NULL,NULL,NULL,NULL,NULL,NULL,NULL,NULL,NULL,NULL,NULL,NULL,NULL,NULL
"VOU-15906","L002","2206","15740.00","debit",NULL,NULL,NULL,NULL,NULL,NULL,NULL,NULL,NULL,NULL,NULL,NULL,NULL,NULL,NULL,NULL,NULL,NULL,NULL,NULL,NULL,NULL,NULL,NULL,NULL,NULL,NULL,NULL,NULL,NULL
"VOU-15907","F001","4161","3677.00","credit","VOU-15907","4161","2019-05-08","F001","3677.00","credit",NULL,NULL,NULL,NULL,NULL,NULL,NULL,NULL,NULL,NULL,NULL,NULL,NULL,NULL,NULL,NULL,NULL,NULL,NULL,NULL,NULL,NULL,NULL,NULL
"VOU-15907","G001","4161","4200.00","credit","VOU-15907","4161","2019-05-08","G001","4200.00","credit",NULL,NULL,NULL,NULL,NULL,NULL,NULL,NULL,NULL,NULL,NULL,NULL,NULL,NULL,NULL,NULL,NULL,NULL,NULL,NULL,NULL,NULL,NULL,NULL
"VOU-15907","L002","4161","7877.00","debit","VOU-15907","4161","2019-05-08","L002","7877.00","debit",NULL,NULL,NULL,NULL,NULL,NULL,NULL,NULL,NULL,NULL,NULL,NULL,NULL,NULL,NULL,NULL,NULL,NULL,NULL,NULL,NULL,NULL,NULL,NULL
"VOU-15908","F001","4117","5590.00","credit","VOU-15908","4117","2019-05-08","F001","5590.00","credit",NULL,NULL,NULL,NULL,NULL,NULL,NULL,NULL,NULL,NULL,NULL,NULL,NULL,NULL,NULL,NULL,NULL,NULL,NULL,NULL,NULL,NULL,NULL,NULL
"VOU-15908","F002","4117","150.00","credit","VOU-15908","4117","2019-05-08","F002","150.00","credit",NULL,NULL,NULL,NULL,NULL,NULL,NULL,NULL,NULL,NULL,NULL,NULL,NULL,NULL,NULL,NULL,NULL,NULL,NULL,NULL,NULL,NULL,NULL,NULL
"VOU-15908","G001","4117","7300.00","credit","VOU-15908","4117","2019-05-08","G001","7300.00","credit",NULL,NULL,NULL,NULL,NULL,NULL,NULL,NULL,NULL,NULL,NULL,NULL,NULL,NULL,NULL,NULL,NULL,NULL,NULL,NULL,NULL,NULL,NULL,NULL
"VOU-15908","G002","4117","3000.00","credit","VOU-15908","4117","2019-05-08","G002","3000.00","credit",NULL,NULL,NULL,NULL,NULL,NULL,NULL,NULL,NULL,NULL,NULL,NULL,NULL,NULL,NULL,NULL,NULL,NULL,NULL,NULL,NULL,NULL,NULL,NULL
"VOU-15908","L002","4117","16040.00","debit","VOU-15908","4117","2019-05-08","L002","16040.00","debit",NULL,NULL,NULL,NULL,NULL,NULL,NULL,NULL,NULL,NULL,NULL,NULL,NULL,NULL,NULL,NULL,NULL,NULL,NULL,NULL,NULL,NULL,NULL,NULL
"VOU-15909","F001","3284","5775.00","credit","VOU-15909","3284","2019-05-09","F001","5775.00","credit",NULL,NULL,NULL,NULL,NULL,NULL,NULL,NULL,NULL,NULL,NULL,NULL,NULL,NULL,NULL,NULL,NULL,NULL,NULL,NULL,NULL,NULL,NULL,NULL
"VOU-15909","G001","3284","7000.00","credit","VOU-15909","3284","2019-05-09","G001","7000.00","credit",NULL,NULL,NULL,NULL,NULL,NULL,NULL,NULL,NULL,NULL,NULL,NULL,NULL,NULL,NULL,NULL,NULL,NULL,NULL,NULL,NULL,NULL,NULL,NULL
"VOU-15909","L002","3284","12775.00","debit","VOU-15909","3284","2019-05-09","L002","12775.00","debit",NULL,NULL,NULL,NULL,NULL,NULL,NULL,NULL,NULL,NULL,NULL,NULL,NULL,NULL,NULL,NULL,NULL,NULL,NULL,NULL,NULL,NULL,NULL,NULL
"VOU-15898","F001",,"6382.00","credit","VOU-15898",,"2019-05-09","F001","6382.00","credit",NULL,NULL,NULL,NULL,NULL,NULL,NULL,NULL,NULL,NULL,NULL,NULL,NULL,NULL,NULL,NULL,NULL,NULL,NULL,NULL,NULL,NULL,NULL,NULL
"VOU-15898","P004",,"6382.00","debit","VOU-15898",,"2019-05-09","P004","6382.00","debit",NULL,NULL,NULL,NULL,NULL,NULL,NULL,NULL,NULL,NULL,NULL,NULL,NULL,NULL,NULL,NULL,NULL,NULL,NULL,NULL,NULL,NULL,NULL,NULL
"VOU-15910","A003","3927","1200.00","credit","VOU-15910","3927","2019-05-09","A003","1200.00","credit","VOU-15910","3927","800.00","23100.00","23900.00","0.00",NULL,"VOU-15910","3927","2019-05-09","1200.00","47950.00","49150.00","1200.00","0.00","0",NULL,NULL,NULL,NULL,NULL,NULL,NULL,NULL
"VOU-15910","E003","3927","800.00","credit","VOU-15910","3927","2019-05-09","E003","800.00","credit","VOU-15910","3927","800.00","23100.00","23900.00","0.00",NULL,"VOU-15910","3927","2019-05-09","1200.00","47950.00","49150.00","1200.00","0.00","0",NULL,NULL,NULL,NULL,NULL,NULL,NULL,NULL
"VOU-15910","F001","3927","3540.00","credit","VOU-15910","3927","2019-05-09","F001","3540.00","credit","VOU-15910","3927","800.00","23100.00","23900.00","0.00",NULL,"VOU-15910","3927","2019-05-09","1200.00","47950.00","49150.00","1200.00","0.00","0",NULL,NULL,NULL,NULL,NULL,NULL,NULL,NULL
"VOU-15910","G001","3927","5900.00","credit","VOU-15910","3927","2019-05-09","G001","5900.00","credit","VOU-15910","3927","800.00","23100.00","23900.00","0.00",NULL,"VOU-15910","3927","2019-05-09","1200.00","47950.00","49150.00","1200.00","0.00","0",NULL,NULL,NULL,NULL,NULL,NULL,NULL,NULL
"VOU-15910","G001","3927","5900.00","credit","VOU-15910","3927","2019-05-09","G001","160.00","credit","VOU-15910","3927","800.00","23100.00","23900.00","0.00",NULL,"VOU-15910","3927","2019-05-09","1200.00","47950.00","49150.00","1200.00","0.00","0",NULL,NULL,NULL,NULL,NULL,NULL,NULL,NULL
"VOU-15910","G001","3927","160.00","credit","VOU-15910","3927","2019-05-09","G001","5900.00","credit","VOU-15910","3927","800.00","23100.00","23900.00","0.00",NULL,"VOU-15910","3927","2019-05-09","1200.00","47950.00","49150.00","1200.00","0.00","0",NULL,NULL,NULL,NULL,NULL,NULL,NULL,NULL
"VOU-15910","G001","3927","160.00","credit","VOU-15910","3927","2019-05-09","G001","160.00","credit","VOU-15910","3927","800.00","23100.00","23900.00","0.00",NULL,"VOU-15910","3927","2019-05-09","1200.00","47950.00","49150.00","1200.00","0.00","0",NULL,NULL,NULL,NULL,NULL,NULL,NULL,NULL
"VOU-15910","L002","3927","11600.00","debit","VOU-15910","3927","2019-05-09","L002","11600.00","debit","VOU-15910","3927","800.00","23100.00","23900.00","0.00",NULL,"VOU-15910","3927","2019-05-09","1200.00","47950.00","49150.00","1200.00","0.00","0",NULL,NULL,NULL,NULL,NULL,NULL,NULL,NULL
"VOU-15911","F001","3042","5651.00","credit","VOU-15911","3042","2019-05-09","F001","5651.00","credit",NULL,NULL,NULL,NULL,NULL,NULL,NULL,NULL,NULL,NULL,NULL,NULL,NULL,NULL,NULL,NULL,NULL,NULL,NULL,NULL,NULL,NULL,NULL,NULL
"VOU-15911","F002","3042","175.00","credit","VOU-15911","3042","2019-05-09","F002","175.00","credit",NULL,NULL,NULL,NULL,NULL,NULL,NULL,NULL,NULL,NULL,NULL,NULL,NULL,NULL,NULL,NULL,NULL,NULL,NULL,NULL,NULL,NULL,NULL,NULL
"VOU-15911","G001","3042","7300.00","credit","VOU-15911","3042","2019-05-09","G001","7300.00","credit",NULL,NULL,NULL,NULL,NULL,NULL,NULL,NULL,NULL,NULL,NULL,NULL,NULL,NULL,NULL,NULL,NULL,NULL,NULL,NULL,NULL,NULL,NULL,NULL
"VOU-15911","G002","3042","3000.00","credit","VOU-15911","3042","2019-05-09","G002","3000.00","credit",NULL,NULL,NULL,NULL,NULL,NULL,NULL,NULL,NULL,NULL,NULL,NULL,NULL,NULL,NULL,NULL,NULL,NULL,NULL,NULL,NULL,NULL,NULL,NULL
"VOU-15911","L002","3042","16126.00","debit","VOU-15911","3042","2019-05-09","L002","16126.00","debit",NULL,NULL,NULL,NULL,NULL,NULL,NULL,NULL,NULL,NULL,NULL,NULL,NULL,NULL,NULL,NULL,NULL,NULL,NULL,NULL,NULL,NULL,NULL,NULL
"VOU-15912","F001","4073","2124.00","credit","VOU-15912","4073","2019-05-09","F001","2124.00","credit",NULL,NULL,NULL,NULL,NULL,NULL,NULL,NULL,NULL,NULL,NULL,NULL,NULL,NULL,NULL,NULL,NULL,NULL,NULL,NULL,NULL,NULL,NULL,NULL
"VOU-15912","G001","4073","3001.00","credit","VOU-15912","4073","2019-05-09","G001","3001.00","credit",NULL,NULL,NULL,NULL,NULL,NULL,NULL,NULL,NULL,NULL,NULL,NULL,NULL,NULL,NULL,NULL,NULL,NULL,NULL,NULL,NULL,NULL,NULL,NULL
"VOU-15912","L002","4073","5125.00","debit","VOU-15912","4073","2019-05-09","L002","5125.00","debit",NULL,NULL,NULL,NULL,NULL,NULL,NULL,NULL,NULL,NULL,NULL,NULL,NULL,NULL,NULL,NULL,NULL,NULL,NULL,NULL,NULL,NULL,NULL,NULL
"VOU-15913","F001","3588","5740.00","credit","VOU-15913","3588","2019-05-08","F001","5740.00","credit",NULL,NULL,NULL,NULL,NULL,NULL,NULL,NULL,NULL,NULL,NULL,NULL,NULL,NULL,NULL,NULL,NULL,NULL,NULL,NULL,NULL,NULL,NULL,NULL
"VOU-15913","G001","3588","10000.00","credit","VOU-15913","3588","2019-05-08","G001","10000.00","credit",NULL,NULL,NULL,NULL,NULL,NULL,NULL,NULL,NULL,NULL,NULL,NULL,NULL,NULL,NULL,NULL,NULL,NULL,NULL,NULL,NULL,NULL,NULL,NULL
"VOU-15913","L002","3588","15740.00","debit","VOU-15913","3588","2019-05-08","L002","15740.00","debit",NULL,NULL,NULL,NULL,NULL,NULL,NULL,NULL,NULL,NULL,NULL,NULL,NULL,NULL,NULL,NULL,NULL,NULL,NULL,NULL,NULL,NULL,NULL,NULL
"VOU-15914","G001","4065","13000.00","credit","VOU-15914","4065","2019-04-30","G001","13000.00","credit",NULL,NULL,NULL,NULL,NULL,NULL,NULL,NULL,NULL,NULL,NULL,NULL,NULL,NULL,NULL,NULL,NULL,NULL,NULL,NULL,NULL,NULL,NULL,NULL
"VOU-15914","L002","4065","13000.00","debit","VOU-15914","4065","2019-04-30","L002","13000.00","debit",NULL,NULL,NULL,NULL,NULL,NULL,NULL,NULL,NULL,NULL,NULL,NULL,NULL,NULL,NULL,NULL,NULL,NULL,NULL,NULL,NULL,NULL,NULL,NULL
